{"0":{"Accuracy":0.0915492958,"Precision":0.0915492958,"Recall":1.0,"F1b Score":0.0084573437,"ROC AUC":0.3830914994}}